cidade,mde_pct,falso_positivo,erro_placebo_pct,mape_pre,poder,custo_pct
Brasília,5.0,0.16666666666666666,2.2264322177297498,5.291847043132954,"[0.167, 0.333, 0.917, 1.0, 1.0, 1.0, 1.0, 1.0, 1.0, 1.0, 1.0]",5.112244342413299
Sorocaba,5.0,0.3333333333333333,5.669241937032613,9.508218944249876,"[0.333, 0.583, 0.833, 0.917, 1.0, 1.0, 1.0, 1.0, 1.0, 1.0, 1.0]",1.3120882710560224
Belém,7.5,0.0,2.1911550319271322,6.243449111691656,"[0.0, 0.167, 0.667, 0.917, 1.0, 1.0, 1.0, 1.0, 1.0, 1.0, 1.0]",2.3646625410594706
Ribeirão Preto,7.5,0.08333333333333333,2.3126645862150434,8.638075798224065,"[0.083, 0.583, 0.667, 0.833, 1.0, 1.0, 1.0, 1.0, 1.0, 1.0, 1.0]",1.2667186904524255
Curitiba,7.5,0.16666666666666666,2.9330621406641524,5.495273404779363,"[0.167, 0.25, 0.333, 0.917, 0.917, 1.0, 1.0, 1.0, 1.0, 1.0, 1.0]",3.2176106564070923
Recife,7.5,0.16666666666666666,4.3396990130738144,6.664918578687343,"[0.167, 0.333, 0.667, 0.917, 1.0, 1.0, 1.0, 1.0, 1.0, 1.0, 1.0]",2.7003974375260875
Goiânia,7.5,0.0,5.068128449039368,7.060367775384472,"[0.0, 0.417, 0.667, 0.917, 1.0, 1.0, 1.0, 1.0, 1.0, 1.0, 1.0]",2.60784349309475
Salvador,10.0,0.0,0.9595893265833509,5.3453552504515365,"[0.0, 0.0, 0.083, 0.75, 1.0, 1.0, 1.0, 1.0, 1.0, 1.0, 1.0]",4.388145835979892
São Luís,10.0,0.0,1.5707257969470922,7.343153413703993,"[0.0, 0.0, 0.583, 0.667, 0.833, 0.917, 1.0, 1.0, 1.0, 1.0, 1.0]",1.8819302034371994
Natal,10.0,0.0,1.9634410478629787,8.104411892519991,"[0.0, 0.0, 0.0, 0.25, 0.917, 1.0, 1.0, 1.0, 1.0, 1.0, 1.0]",1.3629022013320509
Manaus,10.0,0.0,1.980349698646889,5.986858653301988,"[0.0, 0.0, 0.0, 0.417, 0.917, 1.0, 1.0, 1.0, 1.0, 1.0, 1.0]",3.7438977914088163
Porto Alegre,10.0,0.0,2.2338899283876157,7.888034997979003,"[0.0, 0.0, 0.167, 0.583, 1.0, 1.0, 1.0, 1.0, 1.0, 1.0, 1.0]",2.4172912545596428
Aracaju,10.0,0.0,2.2435141179902014,10.395303955465051,"[0.0, 0.167, 0.5, 0.667, 0.833, 1.0, 1.0, 1.0, 1.0, 1.0, 1.0]",1.0924995009346132
Teresina,10.0,0.0,2.826267564763128,8.80459855796701,"[0.0, 0.0, 0.417, 0.75, 0.833, 1.0, 1.0, 1.0, 1.0, 1.0, 1.0]",1.5716022721085965
João Pessoa,10.0,0.08333333333333333,3.0994855984059564,8.588346590910112,"[0.083, 0.0, 0.083, 0.25, 1.0, 1.0, 1.0, 1.0, 1.0, 1.0, 1.0]",1.5117144257118487
Juiz de Fora,10.0,0.25,3.354350162986243,8.693403161454915,"[0.25, 0.083, 0.167, 0.75, 1.0, 1.0, 1.0, 1.0, 1.0, 1.0, 1.0]",0.979982941037693
Maceió,10.0,0.0,3.9558601112958995,8.554289704968152,"[0.0, 0.0, 0.167, 0.417, 0.917, 1.0, 1.0, 1.0, 1.0, 1.0, 1.0]",1.736747545505689
Caxias do Sul,10.0,0.0,4.146860939157402,11.447808189723577,"[0.0, 0.333, 0.333, 0.583, 1.0, 1.0, 1.0, 1.0, 1.0, 1.0, 1.0]",0.8402446327786146
Florianópolis,10.0,0.5833333333333334,4.932405998332761,9.183042668770124,"[0.583, 0.667, 0.75, 0.75, 0.917, 0.917, 0.917, 1.0, 1.0, 1.0, 1.0]",0.9745385913652614
Fortaleza,10.0,0.16666666666666666,5.067865636988111,5.452766863453125,"[0.167, 0.333, 0.583, 0.667, 0.833, 1.0, 1.0, 1.0, 1.0, 1.0, 1.0]",4.406293668221331
Guarulhos,12.5,0.0,1.2914467881676432,7.973543567882023,"[0.0, 0.0, 0.583, 0.583, 0.667, 1.0, 1.0, 1.0, 1.0, 1.0, 1.0]",2.342885142369744
Palmas,12.5,0.0,1.9884958088556546,15.32945127777103,"[0.0, 0.0, 0.333, 0.5, 0.75, 0.917, 1.0, 1.0, 1.0, 1.0, 1.0]",0.5480645336914506
Boa Vista,12.5,0.0,2.381316599989546,10.848763200880658,"[0.0, 0.083, 0.167, 0.417, 0.667, 0.833, 0.833, 0.833, 0.917, 1.0, 1.0]",0.7495054715714208
Feira de Santana,12.5,0.08333333333333333,2.406851238213219,9.491308292860895,"[0.083, 0.083, 0.333, 0.583, 0.75, 1.0, 1.0, 1.0, 1.0, 1.0, 1.0]",1.1179064660726277
Campinas,12.5,0.0,3.0407802717220522,7.713803704122271,"[0.0, 0.0, 0.0, 0.167, 0.667, 0.833, 1.0, 1.0, 1.0, 1.0, 1.0]",2.067038092299875
Cuiabá,12.5,0.0,3.444464713928648,8.433289558732703,"[0.0, 0.0, 0.0, 0.417, 0.667, 0.917, 1.0, 1.0, 1.0, 1.0, 1.0]",1.1796090956935195
Belo Horizonte,12.5,0.25,4.350906746049299,5.166488641556091,"[0.25, 0.083, 0.0, 0.167, 0.667, 0.833, 1.0, 1.0, 1.0, 1.0, 1.0]",4.201223163893073
Anápolis,12.5,0.08333333333333333,4.937461742208831,14.423175443441977,"[0.083, 0.083, 0.167, 0.333, 0.75, 0.917, 1.0, 1.0, 1.0, 1.0, 1.0]",0.7222837232092627
Vitória,15.0,0.0,1.8120796307750167,13.916044031263757,"[0.0, 0.0, 0.083, 0.25, 0.25, 0.75, 0.833, 1.0, 1.0, 1.0, 1.0]",0.584360198174328
Campina Grande,15.0,0.0,2.696124652513744,12.135896573832852,"[0.0, 0.0, 0.0, 0.083, 0.167, 0.5, 0.833, 0.917, 1.0, 1.0, 1.0]",0.760394170916284
Joinville,15.0,0.16666666666666666,4.06211482322469,9.88781099818499,"[0.167, 0.083, 0.083, 0.25, 0.5, 0.583, 0.833, 1.0, 1.0, 1.0, 1.0]",1.1179064660726277
Londrina,15.0,0.16666666666666666,4.9754654146165835,10.971043091967799,"[0.167, 0.0, 0.083, 0.167, 0.5, 0.583, 0.833, 1.0, 1.0, 1.0, 1.0]",1.0072046893998512
Uberlândia,15.0,0.16666666666666666,5.540439324896093,10.205534298743165,"[0.167, 0.0, 0.0, 0.0, 0.083, 0.167, 0.833, 1.0, 1.0, 1.0, 1.0]",1.2939404388145836
Porto Velho,15.0,0.0,6.7530287952187,11.086389783212935,"[0.0, 0.0, 0.167, 0.583, 0.583, 0.667, 0.833, 0.917, 1.0, 1.0, 1.0]",0.8348002831061829
Campo Grande,17.5,0.16666666666666666,6.16667524553076,8.991203321118128,"[0.167, 0.167, 0.167, 0.25, 0.25, 0.5, 0.667, 0.917, 1.0, 1.0, 1.0]",1.6296753352812006
Maringá,17.5,0.0,7.452845864778909,11.96318671540615,"[0.0, 0.0, 0.0, 0.083, 0.167, 0.25, 0.417, 0.833, 0.833, 1.0, 1.0]",0.7422463386748452
Santos,20.0,0.0,4.029710444030661,13.998266821197786,"[0.0, 0.0, 0.083, 0.25, 0.583, 0.667, 0.75, 0.75, 0.917, 1.0, 1.0]",0.7585793876921402
Macapá,22.5,0.0,3.812668007394248,11.467555930130532,"[0.0, 0.0, 0.0, 0.0, 0.0, 0.167, 0.167, 0.417, 0.667, 0.917, 1.0]",0.8021341850715932
