grupo,mde_pct,falso_positivo,erro_placebo_pct,mape_pre,poder,custo_pct,cabe_orcamento
Sorocaba + Curitiba + Recife,2.5,0.0,3.1257268856475355,3.9975205522246133,"[0.0, 0.833, 1.0, 1.0, 1.0, 1.0, 1.0, 1.0, 1.0, 1.0, 1.0]",7.230096364989203,True
Brasília + Ribeirão Preto + São Luís,2.5,0.08333333333333333,1.304000116434434,3.645965751353344,"[0.083, 0.833, 1.0, 1.0, 1.0, 1.0, 1.0, 1.0, 1.0, 1.0, 1.0]",8.260893236302923,True
Brasília + Ribeirão Preto + Teresina,2.5,0.16666666666666666,1.4951079585855116,3.5825574209967277,"[0.167, 1.0, 1.0, 1.0, 1.0, 1.0, 1.0, 1.0, 1.0, 1.0, 1.0]",7.950565304974321,True
Curitiba + Goiânia + Teresina,2.5,0.16666666666666666,2.4764229990395528,4.003808740683622,"[0.167, 0.833, 1.0, 1.0, 1.0, 1.0, 1.0, 1.0, 1.0, 1.0, 1.0]",7.397056421610439,True
Curitiba + Goiânia + Aracaju,2.5,0.16666666666666666,2.849634563109236,4.284128455529768,"[0.167, 0.833, 1.0, 1.0, 1.0, 1.0, 1.0, 1.0, 1.0, 1.0, 1.0]",6.917953650436455,True
Brasília + Curitiba + São Luís,2.5,0.25,1.7762816347008314,3.7034036396231187,"[0.25, 0.833, 1.0, 1.0, 1.0, 1.0, 1.0, 1.0, 1.0, 1.0, 1.0]",10.211785202257591,True
Brasília + Ribeirão Preto + Natal,2.5,0.25,1.9603501137547206,4.055734863145905,"[0.25, 0.833, 1.0, 1.0, 1.0, 1.0, 1.0, 1.0, 1.0, 1.0, 1.0]",7.741865234197776,True
Brasília + Curitiba + Teresina,2.5,0.25,1.9976123624988438,3.6810506398014975,"[0.25, 0.833, 1.0, 1.0, 1.0, 1.0, 1.0, 1.0, 1.0, 1.0, 1.0]",9.901457270928987,True
Sorocaba + Belém + Aracaju,2.5,0.25,2.8123582518561223,4.770212192144138,"[0.25, 0.833, 1.0, 1.0, 1.0, 1.0, 1.0, 1.0, 1.0, 1.0, 1.0]",4.769250313050106,True
Sorocaba + Goiânia + São Luís,2.5,0.25,2.937713802174804,4.6211970736812145,"[0.25, 0.833, 1.0, 1.0, 1.0, 1.0, 1.0, 1.0, 1.0, 1.0, 1.0]",5.801861967587971,True
Curitiba + Recife + Goiânia,2.5,0.25,3.4003489137233602,3.6995597210086455,"[0.25, 1.0, 1.0, 1.0, 1.0, 1.0, 1.0, 1.0, 1.0, 1.0, 1.0]",8.52585158702793,True
Sorocaba + Goiânia + Natal,2.5,0.25,3.9921105206001735,4.499446869087744,"[0.25, 0.833, 0.917, 1.0, 1.0, 1.0, 1.0, 1.0, 1.0, 1.0, 1.0]",5.282833965482823,True
Ribeirão Preto + Goiânia + São Luís,2.5,0.3333333333333333,2.113299879611031,4.197003820261359,"[0.333, 0.833, 1.0, 1.0, 1.0, 1.0, 1.0, 1.0, 1.0, 1.0, 1.0]",5.756492386984375,True
Brasília + Sorocaba + Teresina,2.5,0.3333333333333333,2.2468271120439387,3.7231705696484494,"[0.333, 1.0, 1.0, 1.0, 1.0, 1.0, 1.0, 1.0, 1.0, 1.0, 1.0]",7.995934885577919,True
Brasília + Ribeirão Preto + Curitiba,2.5,0.3333333333333333,2.286113640174117,3.831197568733334,"[0.333, 0.917, 1.0, 1.0, 1.0, 1.0, 1.0, 1.0, 1.0, 1.0, 1.0]",9.596573689272816,True
Ribeirão Preto + Goiânia + Teresina,2.5,0.3333333333333333,2.5271116086624095,5.0273324902667165,"[0.333, 0.833, 1.0, 1.0, 1.0, 1.0, 1.0, 1.0, 1.0, 1.0, 1.0]",5.446164455655772,True
Brasília + Sorocaba + Aracaju,2.5,0.3333333333333333,2.6079717169665555,4.393472567796677,"[0.333, 1.0, 1.0, 1.0, 1.0, 1.0, 1.0, 1.0, 1.0, 1.0, 1.0]",7.516832114403934,True
Ribeirão Preto + Goiânia + Natal,2.5,0.3333333333333333,3.2188216006216837,4.943123258127128,"[0.333, 0.833, 1.0, 1.0, 1.0, 1.0, 1.0, 1.0, 1.0, 1.0, 1.0]",5.237464384879226,True
Sorocaba + Curitiba + Goiânia,2.5,0.3333333333333333,3.4241646444716576,4.247538039062988,"[0.333, 0.917, 1.0, 1.0, 1.0, 1.0, 1.0, 1.0, 1.0, 1.0, 1.0]",7.137542420557865,True
Brasília + Ribeirão Preto + Aracaju,2.5,0.4166666666666667,1.870807209408091,4.256383604202518,"[0.417, 1.0, 1.0, 1.0, 1.0, 1.0, 1.0, 1.0, 1.0, 1.0, 1.0]",7.471462533800338,True
Brasília + Sorocaba + São Luís,2.5,0.4166666666666667,1.923907988841848,4.198866648726451,"[0.417, 0.917, 1.0, 1.0, 1.0, 1.0, 1.0, 1.0, 1.0, 1.0, 1.0]",8.306262816906521,True
Brasília + Curitiba + Natal,2.5,0.4166666666666667,2.1258427202887624,3.8221910736022062,"[0.417, 0.917, 1.0, 1.0, 1.0, 1.0, 1.0, 1.0, 1.0, 1.0, 1.0]",9.692757200152442,True
Brasília + Curitiba + Aracaju,2.5,0.4166666666666667,2.180848180923617,4.073847985656479,"[0.417, 0.833, 1.0, 1.0, 1.0, 1.0, 1.0, 1.0, 1.0, 1.0, 1.0]",9.422354499755006,True
Curitiba + Goiânia + Natal,2.5,0.4166666666666667,2.6555223313334624,3.7989589459126947,"[0.417, 0.833, 1.0, 1.0, 1.0, 1.0, 1.0, 1.0, 1.0, 1.0, 1.0]",7.188356350833892,True
Ribeirão Preto + Curitiba + Goiânia,2.5,0.4166666666666667,3.037348040943533,4.180777611827208,"[0.417, 0.917, 1.0, 1.0, 1.0, 1.0, 1.0, 1.0, 1.0, 1.0, 1.0]",7.092172839954268,True
Brasília + Sorocaba + Recife,2.5,0.4166666666666667,3.3399993077759103,4.1199014966925604,"[0.417, 0.833, 1.0, 1.0, 1.0, 1.0, 1.0, 1.0, 1.0, 1.0, 1.0]",9.124730050995408,True
Sorocaba + Goiânia + Aracaju,2.5,0.4166666666666667,4.220846845100046,5.10832850910101,"[0.417, 0.833, 1.0, 1.0, 1.0, 1.0, 1.0, 1.0, 1.0, 1.0, 1.0]",5.012431265085385,True
Brasília + Curitiba + Recife,2.5,0.5,2.544799475593748,3.4839781433068455,"[0.5, 1.0, 1.0, 1.0, 1.0, 1.0, 1.0, 1.0, 1.0, 1.0, 1.0]",11.030252436346478,True
Brasília + Ribeirão Preto + Recife,2.5,0.5,2.690325699611958,3.5947265335062344,"[0.5, 0.917, 1.0, 1.0, 1.0, 1.0, 1.0, 1.0, 1.0, 1.0, 1.0]",9.079360470391812,True
Ribeirão Preto + Recife + Goiânia,2.5,0.5,4.227632363777108,4.50513597518648,"[0.5, 0.833, 1.0, 1.0, 1.0, 1.0, 1.0, 1.0, 1.0, 1.0, 1.0]",6.574959621073264,True
Brasília + Sorocaba + Curitiba,2.5,0.5833333333333334,2.665984619653625,4.015300005789013,"[0.583, 1.0, 1.0, 1.0, 1.0, 1.0, 1.0, 1.0, 1.0, 1.0, 1.0]",9.641943269876412,True
Belém + Porto Alegre + Teresina,5.0,0.0,0.41321749184143736,4.0965817430334885,"[0.0, 0.167, 1.0, 1.0, 1.0, 1.0, 1.0, 1.0, 1.0, 1.0, 1.0]",6.35355606772771,True
Belém + Porto Alegre + Aracaju,5.0,0.0,0.4154611135435645,4.368947456691036,"[0.0, 0.583, 1.0, 1.0, 1.0, 1.0, 1.0, 1.0, 1.0, 1.0, 1.0]",5.874453296553726,True
Belém + São Luís + Porto Alegre,5.0,0.0,0.4294625519619773,4.034438582909097,"[0.0, 0.417, 1.0, 1.0, 1.0, 1.0, 1.0, 1.0, 1.0, 1.0, 1.0]",6.663883999056313,True
Manaus + Porto Alegre + Aracaju,5.0,0.0,0.6557510997588097,4.348980887587433,"[0.0, 0.083, 1.0, 1.0, 1.0, 1.0, 1.0, 1.0, 1.0, 1.0, 1.0]",7.2536885469030725,True
Ribeirão Preto + Porto Alegre + Aracaju,5.0,0.0,0.681138045332539,5.231293353885262,"[0.0, 0.667, 1.0, 1.0, 1.0, 1.0, 1.0, 1.0, 1.0, 1.0, 1.0]",4.776509445946682,True
Brasília + Porto Alegre + Teresina,5.0,0.0,0.7402150925171282,3.803973710766436,"[0.0, 0.333, 1.0, 1.0, 1.0, 1.0, 1.0, 1.0, 1.0, 1.0, 1.0]",9.101137869081539,True
Brasília + São Luís + Porto Alegre,5.0,0.0,0.7456290962406815,4.080701290912408,"[0.0, 0.417, 1.0, 1.0, 1.0, 1.0, 1.0, 1.0, 1.0, 1.0, 1.0]",9.41146580041014,True
São Luís + Manaus + Porto Alegre,5.0,0.0,0.7951797249961075,4.3438861258898935,"[0.0, 0.083, 0.833, 0.917, 1.0, 1.0, 1.0, 1.0, 1.0, 1.0, 1.0]",8.043119249405658,True
Belém + Ribeirão Preto + Porto Alegre,5.0,0.0,0.8591470751218905,4.488520566101282,"[0.0, 0.583, 1.0, 1.0, 1.0, 1.0, 1.0, 1.0, 1.0, 1.0, 1.0]",6.048672486071538,True
Natal + Manaus + Porto Alegre,5.0,0.0,0.8973659964874666,3.9203020897086014,"[0.0, 0.25, 1.0, 1.0, 1.0, 1.0, 1.0, 1.0, 1.0, 1.0, 1.0]",7.52409124730051,True
Ribeirão Preto + Natal + Porto Alegre,5.0,0.0,0.9189758446286272,4.537049300054687,"[0.0, 0.333, 0.917, 1.0, 1.0, 1.0, 1.0, 1.0, 1.0, 1.0, 1.0]",5.04691214634412,True
Belém + Ribeirão Preto + Salvador,5.0,0.0,0.9481333391262345,3.996186757484912,"[0.0, 0.083, 0.917, 1.0, 1.0, 1.0, 1.0, 1.0, 1.0, 1.0, 1.0]",8.019527067491788,True
Sorocaba + Manaus + Porto Alegre,5.0,0.0,0.9506877395622625,4.098820385095452,"[0.0, 0.0, 1.0, 1.0, 1.0, 1.0, 1.0, 1.0, 1.0, 1.0, 1.0]",7.473277317024482,True
Belém + Natal + Porto Alegre,5.0,0.0,0.9552210750584575,3.8430489199401863,"[0.0, 0.583, 0.917, 1.0, 1.0, 1.0, 1.0, 1.0, 1.0, 1.0, 1.0]",6.144855996951164,True
Ribeirão Preto + São Luís + Porto Alegre,5.0,0.0,0.9589874428874178,4.713200013140838,"[0.0, 0.333, 0.917, 1.0, 1.0, 1.0, 1.0, 1.0, 1.0, 1.0, 1.0]",5.565940148449268,True
Ribeirão Preto + Manaus + Porto Alegre,5.0,0.0,1.0027754456564362,4.427141558581775,"[0.0, 0.083, 0.833, 1.0, 1.0, 1.0, 1.0, 1.0, 1.0, 1.0, 1.0]",7.4279077364208845,True
Brasília + Ribeirão Preto + Salvador,5.0,0.0,1.0336994798283656,3.19278472815414,"[0.0, 0.667, 1.0, 1.0, 1.0, 1.0, 1.0, 1.0, 1.0, 1.0, 1.0]",10.767108868845616,True
Ribeirão Preto + Porto Alegre + Teresina,5.0,0.0,1.0767195126069158,4.9280364644527985,"[0.0, 0.583, 1.0, 1.0, 1.0, 1.0, 1.0, 1.0, 1.0, 1.0, 1.0]",5.255612217120665,True
Sorocaba + Porto Alegre + Teresina,5.0,0.0,1.1108044208542585,5.170469630993914,"[0.0, 0.667, 1.0, 1.0, 1.0, 1.0, 1.0, 1.0, 1.0, 1.0, 1.0]",5.300981797724262,True
Brasília + Porto Alegre + Aracaju,5.0,0.0,1.1180838222795357,4.548662063181158,"[0.0, 0.417, 1.0, 1.0, 1.0, 1.0, 1.0, 1.0, 1.0, 1.0, 1.0]",8.622035097907554,True
Brasília + Salvador + Manaus,5.0,0.0,1.1366194109305088,3.2036924486704375,"[0.0, 0.0, 0.917, 1.0, 1.0, 1.0, 1.0, 1.0, 1.0, 1.0, 1.0]",13.244287969802008,False
Brasília + Manaus + Porto Alegre,5.0,0.0,1.148020174747292,3.7603399509309106,"[0.0, 0.25, 0.833, 1.0, 1.0, 1.0, 1.0, 1.0, 1.0, 1.0, 1.0]",11.273433388381758,True
Goiânia + São Luís + Porto Alegre,5.0,0.0,1.1575603214449652,4.241091867106364,"[0.0, 0.5, 1.0, 1.0, 1.0, 1.0, 1.0, 1.0, 1.0, 1.0, 1.0]",6.907064951091592,True
Brasília + Ribeirão Preto + Porto Alegre,5.0,0.0,1.1582712525068952,4.234018877055683,"[0.0, 0.333, 1.0, 1.0, 1.0, 1.0, 1.0, 1.0, 1.0, 1.0, 1.0]",8.796254287425368,True
Belém + Ribeirão Preto + São Luís,5.0,0.0,1.188902358718244,4.1926018399376925,"[0.0, 0.583, 1.0, 1.0, 1.0, 1.0, 1.0, 1.0, 1.0, 1.0, 1.0]",5.513311434949095,True
Goiânia + Porto Alegre + Teresina,5.0,0.0,1.3156629819228602,4.687055949593443,"[0.0, 0.417, 1.0, 1.0, 1.0, 1.0, 1.0, 1.0, 1.0, 1.0, 1.0]",6.5967370197629895,True
Sorocaba + Belém + Salvador,5.0,0.0,1.3433797411962045,3.866963898517467,"[0.0, 0.083, 0.917, 1.0, 1.0, 1.0, 1.0, 1.0, 1.0, 1.0, 1.0]",8.064896648095385,True
Brasília + São Luís + Manaus,5.0,0.0,1.3436397932311308,3.6871913554707434,"[0.0, 0.583, 0.917, 1.0, 1.0, 1.0, 1.0, 1.0, 1.0, 1.0, 1.0]",10.738072337259315,True
Sorocaba + São Luís + Manaus,5.0,0.0,1.3710046954636679,4.513959198538874,"[0.0, 0.333, 0.917, 1.0, 1.0, 1.0, 1.0, 1.0, 1.0, 1.0, 1.0]",6.937916265902038,True
Recife + Manaus + Porto Alegre,5.0,0.0,1.4351167248537766,4.229020856054415,"[0.0, 0.083, 0.917, 1.0, 1.0, 1.0, 1.0, 1.0, 1.0, 1.0, 1.0]",8.861586483494547,True
Brasília + Sorocaba + Salvador,5.0,0.0,1.4672308916312613,3.2171919067671433,"[0.0, 0.583, 1.0, 1.0, 1.0, 1.0, 1.0, 1.0, 1.0, 1.0, 1.0]",10.812478449449213,True
Brasília + Manaus + Teresina,5.0,0.0,1.480509120709018,3.4693532549841506,"[0.0, 0.5, 0.917, 1.0, 1.0, 1.0, 1.0, 1.0, 1.0, 1.0, 1.0]",10.427744405930712,True
Brasília + Belém + Salvador,5.0,0.0,1.526575014413508,3.370615833693036,"[0.0, 0.083, 0.917, 1.0, 1.0, 1.0, 1.0, 1.0, 1.0, 1.0, 1.0]",11.865052719452661,True
Goiânia + Manaus + Porto Alegre,5.0,0.0,1.5388206048073623,3.9614778362776555,"[0.0, 0.0, 0.833, 1.0, 1.0, 1.0, 1.0, 1.0, 1.0, 1.0, 1.0]",8.76903253906321,True
Ribeirão Preto + Goiânia + Salvador,5.0,0.0,1.54482128004381,4.015329536528095,"[0.0, 0.167, 0.917, 1.0, 1.0, 1.0, 1.0, 1.0, 1.0, 1.0, 1.0]",8.262708019527068,True
Belém + Goiânia + Salvador,5.0,0.0,1.6011608570144498,3.689105771781983,"[0.0, 0.083, 1.0, 1.0, 1.0, 1.0, 1.0, 1.0, 1.0, 1.0, 1.0]",9.360651870134113,True
Belém + Curitiba + São Luís,5.0,0.0,1.628807807562898,3.7945523876179053,"[0.0, 0.5, 0.917, 1.0, 1.0, 1.0, 1.0, 1.0, 1.0, 1.0, 1.0]",7.464203400903761,True
Sorocaba + Curitiba + Salvador,5.0,0.0,1.6449937384434608,3.6466775742504822,"[0.0, 0.417, 0.833, 1.0, 1.0, 1.0, 1.0, 1.0, 1.0, 1.0, 1.0]",8.917844763443007,True
Sorocaba + Belém + Porto Alegre,5.0,0.0,1.6476997518058816,4.722783351641043,"[0.0, 0.417, 0.833, 1.0, 1.0, 1.0, 1.0, 1.0, 1.0, 1.0, 1.0]",6.094042066675136,True
Sorocaba + Manaus + Teresina,5.0,0.0,1.68729022036662,4.580703876772602,"[0.0, 0.25, 0.833, 1.0, 1.0, 1.0, 1.0, 1.0, 1.0, 1.0, 1.0]",6.627588334573435,True
Brasília + Manaus + Aracaju,5.0,0.0,1.7276476872311577,4.014490695104247,"[0.0, 0.583, 1.0, 1.0, 1.0, 1.0, 1.0, 1.0, 1.0, 1.0, 1.0]",9.94864163475673,True
Goiânia + São Luís + Manaus,5.0,0.0,1.7703864192059233,3.998464850777338,"[0.0, 0.25, 0.833, 1.0, 1.0, 1.0, 1.0, 1.0, 1.0, 1.0, 1.0]",8.233671487940764,True
Curitiba + Goiânia + Salvador,5.0,0.0,1.8205708648510233,3.4468739709121996,"[0.0, 0.333, 1.0, 1.0, 1.0, 1.0, 1.0, 1.0, 1.0, 1.0, 1.0]",10.213599985481734,True
Goiânia + Natal + Porto Alegre,5.0,0.0,1.8690778376974169,4.241848443668799,"[0.0, 0.5, 1.0, 1.0, 1.0, 1.0, 1.0, 1.0, 1.0, 1.0, 1.0]",6.388036948986444,True
Brasília + Belém + São Luís,5.0,0.0,1.8866327699591487,3.866877282307466,"[0.0, 0.583, 1.0, 1.0, 1.0, 1.0, 1.0, 1.0, 1.0, 1.0, 1.0]",9.358837086909968,True
Ribeirão Preto + Goiânia + Porto Alegre,5.0,0.0,1.8978072967246433,4.932878497266638,"[0.0, 0.583, 1.0, 1.0, 1.0, 1.0, 1.0, 1.0, 1.0, 1.0, 1.0]",6.291853438106817,True
Belém + Goiânia + Porto Alegre,5.0,0.0,1.9186372049457552,4.156432554085003,"[0.0, 0.167, 0.917, 1.0, 1.0, 1.0, 1.0, 1.0, 1.0, 1.0, 1.0]",7.389797288713863,True
Sorocaba + Manaus + Aracaju,5.0,0.0,1.9369368512053662,4.1031000215893165,"[0.0, 0.333, 1.0, 1.0, 1.0, 1.0, 1.0, 1.0, 1.0, 1.0, 1.0]",6.148485563399452,True
Brasília + Ribeirão Preto + Manaus,5.0,0.0,1.954619569287823,3.7098992196102243,"[0.0, 0.583, 1.0, 1.0, 1.0, 1.0, 1.0, 1.0, 1.0, 1.0, 1.0]",10.122860824274541,True
Curitiba + Natal + Manaus,5.0,0.0,2.0197104007599274,3.858184704294191,"[0.0, 0.333, 0.833, 1.0, 1.0, 1.0, 1.0, 1.0, 1.0, 1.0, 1.0]",8.324410649147959,True
Brasília + Belém + Teresina,5.0,0.0,2.0618403182277234,3.95570451813187,"[0.0, 0.333, 1.0, 1.0, 1.0, 1.0, 1.0, 1.0, 1.0, 1.0, 1.0]",9.048509155581366,True
Belém + Goiânia + São Luís,5.0,0.0,2.0771976110103343,3.823356809461873,"[0.0, 0.583, 1.0, 1.0, 1.0, 1.0, 1.0, 1.0, 1.0, 1.0, 1.0]",6.85443623759142,True
Sorocaba + Goiânia + Salvador,5.0,0.0,2.0815420551434443,3.6829998543027638,"[0.0, 0.333, 0.833, 1.0, 1.0, 1.0, 1.0, 1.0, 1.0, 1.0, 1.0]",8.308077600130664,True
Brasília + Sorocaba + Manaus,5.0,0.0,2.268502233491258,3.531326736294846,"[0.0, 0.417, 1.0, 1.0, 1.0, 1.0, 1.0, 1.0, 1.0, 1.0, 1.0]",10.168230404878138,True
Sorocaba + Curitiba + Natal,5.0,0.0,2.3440123231615977,3.8326993018768887,"[0.0, 0.5, 0.917, 1.0, 1.0, 1.0, 1.0, 1.0, 1.0, 1.0, 1.0]",5.892601128795166,True
Belém + Goiânia + Teresina,5.0,0.0,2.3556017104203693,4.2705654575763425,"[0.0, 0.667, 1.0, 1.0, 1.0, 1.0, 1.0, 1.0, 1.0, 1.0, 1.0]",6.5441083062628165,True
Sorocaba + Curitiba + Manaus,5.0,0.0,2.3731231439343645,4.053967035737727,"[0.0, 0.25, 0.833, 0.917, 1.0, 1.0, 1.0, 1.0, 1.0, 1.0, 1.0]",8.27359671887193,True
Curitiba + Recife + Manaus,5.0,0.0,2.3970514395993994,3.850131660059369,"[0.0, 0.25, 0.833, 1.0, 1.0, 1.0, 1.0, 1.0, 1.0, 1.0, 1.0]",9.661905885341996,True
Goiânia + Manaus + Aracaju,5.0,0.0,2.41492218694812,4.421991975296198,"[0.0, 0.25, 0.917, 1.0, 1.0, 1.0, 1.0, 1.0, 1.0, 1.0, 1.0]",7.444240785438179,True
Ribeirão Preto + Recife + Manaus,5.0,0.0,2.4227537441673945,4.2604442193002345,"[0.0, 0.083, 0.917, 1.0, 1.0, 1.0, 1.0, 1.0, 1.0, 1.0, 1.0]",7.711013919387328,True
Belém + Curitiba + Recife,5.0,0.0,2.473054433699667,3.5109616577562246,"[0.0, 0.667, 1.0, 1.0, 1.0, 1.0, 1.0, 1.0, 1.0, 1.0, 1.0]",8.28267063499265,True
Brasília + Belém + Aracaju,5.0,0.0,2.5255660745857895,4.545893210506437,"[0.0, 0.583, 1.0, 1.0, 1.0, 1.0, 1.0, 1.0, 1.0, 1.0, 1.0]",8.569406384407383,True
Curitiba + Goiânia + Manaus,5.0,0.0,2.593286203825796,4.0344575738755974,"[0.0, 0.167, 0.833, 1.0, 1.0, 1.0, 1.0, 1.0, 1.0, 1.0, 1.0]",9.569351940910659,True
Brasília + Belém + Curitiba,5.0,0.0,2.619522892647883,4.437643231139771,"[0.0, 0.583, 1.0, 1.0, 1.0, 1.0, 1.0, 1.0, 1.0, 1.0, 1.0]",10.694517539879861,True
Ribeirão Preto + Curitiba + Recife,5.0,0.0,2.630977559441035,3.6802000029089017,"[0.0, 0.667, 1.0, 1.0, 1.0, 1.0, 1.0, 1.0, 1.0, 1.0, 1.0]",7.184726784385605,True
Brasília + Belém + Ribeirão Preto,5.0,0.0,2.6929349157606643,4.463830655705467,"[0.0, 0.417, 1.0, 1.0, 1.0, 1.0, 1.0, 1.0, 1.0, 1.0, 1.0]",8.743625573925193,True
Belém + Curitiba + Goiânia,5.0,0.0,2.737218023048713,3.8774182239801727,"[0.0, 0.667, 1.0, 1.0, 1.0, 1.0, 1.0, 1.0, 1.0, 1.0, 1.0]",8.190116690561313,True
Sorocaba + Goiânia + Porto Alegre,5.0,0.0,2.784113466702275,4.988058930333388,"[0.0, 0.333, 1.0, 1.0, 1.0, 1.0, 1.0, 1.0, 1.0, 1.0, 1.0]",6.337223018710415,True
Sorocaba + Recife + Manaus,5.0,0.0,2.8924306092287684,4.241684704347112,"[0.0, 0.5, 1.0, 1.0, 1.0, 1.0, 1.0, 1.0, 1.0, 1.0, 1.0]",7.7563834999909265,True
Sorocaba + Goiânia + Manaus,5.0,0.0,3.1678875037576417,4.113544728009005,"[0.0, 0.167, 1.0, 1.0, 1.0, 1.0, 1.0, 1.0, 1.0, 1.0, 1.0]",7.663829555559588,True
Belém + Ribeirão Preto + Goiânia,5.0,0.0,3.246822994130298,4.653524780349646,"[0.0, 0.583, 1.0, 1.0, 1.0, 1.0, 1.0, 1.0, 1.0, 1.0, 1.0]",6.239224724606646,True
Recife + Goiânia + Manaus,5.0,0.0,3.3075631557714056,4.159124790335703,"[0.0, 0.167, 0.917, 1.0, 1.0, 1.0, 1.0, 1.0, 1.0, 1.0, 1.0]",9.052138722029653,True
Sorocaba + Belém + Goiânia,5.0,0.0,4.068161777533163,4.599494543486137,"[0.0, 0.5, 0.917, 1.0, 1.0, 1.0, 1.0, 1.0, 1.0, 1.0, 1.0]",6.284594305210242,True
Brasília + Natal + Porto Alegre,5.0,0.08333333333333333,1.258456689065099,4.236512741339726,"[0.083, 0.417, 0.917, 1.0, 1.0, 1.0, 1.0, 1.0, 1.0, 1.0, 1.0]",8.892437798304991,True
Sorocaba + Porto Alegre + Aracaju,5.0,0.08333333333333333,1.324544356906893,5.180942341906778,"[0.083, 0.667, 1.0, 1.0, 1.0, 1.0, 1.0, 1.0, 1.0, 1.0, 1.0]",4.8218790265502784,True
Sorocaba + Natal + Porto Alegre,5.0,0.08333333333333333,1.3649532048871034,4.725165686210892,"[0.083, 0.583, 0.833, 1.0, 1.0, 1.0, 1.0, 1.0, 1.0, 1.0, 1.0]",5.092281726947716,True
Belém + Ribeirão Preto + Teresina,5.0,0.08333333333333333,1.4211405031833146,4.749853013152669,"[0.083, 0.5, 1.0, 1.0, 1.0, 1.0, 1.0, 1.0, 1.0, 1.0, 1.0]",5.2029835036204926,True
Goiânia + Porto Alegre + Aracaju,5.0,0.08333333333333333,1.8126255073009943,4.895441233747452,"[0.083, 0.5, 0.917, 1.0, 1.0, 1.0, 1.0, 1.0, 1.0, 1.0, 1.0]",6.117634248589006,True
Brasília + Sorocaba + Porto Alegre,5.0,0.08333333333333333,1.831825497282075,4.5430846862709435,"[0.083, 0.417, 0.917, 1.0, 1.0, 1.0, 1.0, 1.0, 1.0, 1.0, 1.0]",8.841623868028964,True
Belém + Recife + Porto Alegre,5.0,0.08333333333333333,1.8735265822743505,3.8788931020416273,"[0.083, 0.417, 0.917, 1.0, 1.0, 1.0, 1.0, 1.0, 1.0, 1.0, 1.0]",7.482351233145201,True
Belém + Curitiba + Teresina,5.0,0.08333333333333333,1.8971559605994122,3.847573244021254,"[0.083, 0.333, 0.917, 1.0, 1.0, 1.0, 1.0, 1.0, 1.0, 1.0, 1.0]",7.153875469575159,True
Belém + Curitiba + Natal,5.0,0.08333333333333333,1.9410115962794472,3.6497703829316803,"[0.083, 0.5, 1.0, 1.0, 1.0, 1.0, 1.0, 1.0, 1.0, 1.0, 1.0]",6.945175398798613,True
Sorocaba + Curitiba + São Luís,5.0,0.08333333333333333,1.9920230255589582,4.372956538999645,"[0.083, 0.25, 0.833, 1.0, 1.0, 1.0, 1.0, 1.0, 1.0, 1.0, 1.0]",6.411629130900313,True
Belém + Curitiba + Aracaju,5.0,0.08333333333333333,2.0591064457221933,3.8676178931549483,"[0.083, 0.417, 0.917, 1.0, 1.0, 1.0, 1.0, 1.0, 1.0, 1.0, 1.0]",6.674772698401175,True
Brasília + Recife + Porto Alegre,5.0,0.08333333333333333,2.0625932083691163,4.087578450889348,"[0.083, 0.417, 1.0, 1.0, 1.0, 1.0, 1.0, 1.0, 1.0, 1.0, 1.0]",10.22993303449903,True
Brasília + Curitiba + Manaus,5.0,0.08333333333333333,2.2370471554264086,3.7484504698722296,"[0.083, 0.5, 1.0, 1.0, 1.0, 1.0, 1.0, 1.0, 1.0, 1.0, 1.0]",12.073752790229207,False
Sorocaba + Belém + Teresina,5.0,0.08333333333333333,2.293615600646657,4.901095842244888,"[0.083, 0.75, 0.917, 1.0, 1.0, 1.0, 1.0, 1.0, 1.0, 1.0, 1.0]",5.24835308422409,True
Belém + Ribeirão Preto + Curitiba,5.0,0.08333333333333333,2.3432423717278086,4.157966331896694,"[0.083, 0.417, 0.917, 1.0, 1.0, 1.0, 1.0, 1.0, 1.0, 1.0, 1.0]",6.848991887918989,True
Brasília + Recife + Manaus,5.0,0.08333333333333333,2.3564477338145413,3.6470400672566163,"[0.083, 0.667, 1.0, 1.0, 1.0, 1.0, 1.0, 1.0, 1.0, 1.0, 1.0]",11.556539571348203,True
Goiânia + Natal + Manaus,5.0,0.08333333333333333,2.4361645695304355,4.006843222376004,"[0.083, 0.333, 1.0, 1.0, 1.0, 1.0, 1.0, 1.0, 1.0, 1.0, 1.0]",7.714643485835617,True
Sorocaba + Curitiba + Teresina,5.0,0.08333333333333333,2.4581473945414807,4.446985437815736,"[0.083, 0.417, 0.917, 1.0, 1.0, 1.0, 1.0, 1.0, 1.0, 1.0, 1.0]",6.1013011995717115,True
Sorocaba + Curitiba + Aracaju,5.0,0.08333333333333333,2.6393245876601426,4.237797229599253,"[0.083, 0.5, 0.917, 1.0, 1.0, 1.0, 1.0, 1.0, 1.0, 1.0, 1.0]",5.622198428397728,True
Sorocaba + Belém + Curitiba,5.0,0.08333333333333333,2.677373394931936,4.154178263899181,"[0.083, 0.5, 0.917, 1.0, 1.0, 1.0, 1.0, 1.0, 1.0, 1.0, 1.0]",6.894361468522585,True
Belém + Ribeirão Preto + Recife,5.0,0.08333333333333333,2.883889463263768,3.9742316674922638,"[0.083, 0.667, 1.0, 1.0, 1.0, 1.0, 1.0, 1.0, 1.0, 1.0, 1.0]",6.331778669037984,True
Belém + Goiânia + Aracaju,5.0,0.08333333333333333,2.9208612795367817,4.638865690729857,"[0.083, 0.75, 1.0, 1.0, 1.0, 1.0, 1.0, 1.0, 1.0, 1.0, 1.0]",6.065005535088833,True
Belém + Recife + Goiânia,5.0,0.08333333333333333,3.7756425142669046,3.882770177453767,"[0.083, 0.667, 0.833, 1.0, 1.0, 1.0, 1.0, 1.0, 1.0, 1.0, 1.0]",7.672903471680308,True
Brasília + Sorocaba + Belém,5.0,0.08333333333333333,3.8330375682780993,4.607047239182361,"[0.083, 0.5, 1.0, 1.0, 1.0, 1.0, 1.0, 1.0, 1.0, 1.0, 1.0]",8.788995154528791,True
Brasília + Curitiba + Salvador,5.0,0.16666666666666666,1.5643722498405774,3.2863991639499974,"[0.167, 0.75, 1.0, 1.0, 1.0, 1.0, 1.0, 1.0, 1.0, 1.0, 1.0]",12.718000834800284,False
Brasília + Natal + Manaus,5.0,0.16666666666666666,1.774803093802849,3.9063551645585344,"[0.167, 0.667, 1.0, 1.0, 1.0, 1.0, 1.0, 1.0, 1.0, 1.0, 1.0]",10.219044335154166,True
Ribeirão Preto + Recife + Porto Alegre,5.0,0.16666666666666666,1.8060839779813347,4.434996431618601,"[0.167, 0.583, 0.917, 1.0, 1.0, 1.0, 1.0, 1.0, 1.0, 1.0, 1.0]",6.384407382538155,True
Belém + Ribeirão Preto + Aracaju,5.0,0.16666666666666666,1.821418075233692,4.9474341071075605,"[0.167, 0.75, 1.0, 1.0, 1.0, 1.0, 1.0, 1.0, 1.0, 1.0, 1.0]",4.723880732446509,True
Sorocaba + Belém + São Luís,5.0,0.16666666666666666,1.8744229312567715,4.762757283516367,"[0.167, 0.583, 1.0, 1.0, 1.0, 1.0, 1.0, 1.0, 1.0, 1.0, 1.0]",5.5586810155526925,True
Sorocaba + Natal + Manaus,5.0,0.16666666666666666,1.9494838007816409,3.9581969315859604,"[0.167, 0.583, 1.0, 1.0, 1.0, 1.0, 1.0, 1.0, 1.0, 1.0, 1.0]",6.418888263796889,True
Belém + Ribeirão Preto + Natal,5.0,0.16666666666666666,2.042568387605184,4.510708931200439,"[0.167, 0.417, 1.0, 1.0, 1.0, 1.0, 1.0, 1.0, 1.0, 1.0, 1.0]",4.994283432843947,True
Brasília + Belém + Natal,5.0,0.16666666666666666,2.5221124118655815,4.236997231168077,"[0.167, 0.417, 1.0, 1.0, 1.0, 1.0, 1.0, 1.0, 1.0, 1.0, 1.0]",8.83980908480482,True
Recife + Goiânia + Porto Alegre,5.0,0.16666666666666666,3.0602125223019474,4.475484317993121,"[0.167, 0.333, 0.917, 1.0, 1.0, 1.0, 1.0, 1.0, 1.0, 1.0, 1.0]",7.725532185180479,True
Brasília + Belém + Recife,5.0,0.16666666666666666,3.1106631279304113,3.8805501531161077,"[0.167, 0.5, 0.917, 1.0, 1.0, 1.0, 1.0, 1.0, 1.0, 1.0, 1.0]",10.177304320998855,True
Sorocaba + São Luís + Porto Alegre,5.0,0.25,0.8221833626473378,5.32323198842666,"[0.25, 0.583, 0.917, 1.0, 1.0, 1.0, 1.0, 1.0, 1.0, 1.0, 1.0]",5.611309729052865,True
Curitiba + Goiânia + São Luís,5.0,0.25,2.143054819544108,3.654266317136852,"[0.25, 0.75, 1.0, 1.0, 1.0, 1.0, 1.0, 1.0, 1.0, 1.0, 1.0]",7.707384352939041,True
Brasília + Sorocaba + Natal,5.0,0.3333333333333333,2.5722804991028916,4.284027442000569,"[0.333, 0.75, 1.0, 1.0, 1.0, 1.0, 1.0, 1.0, 1.0, 1.0, 1.0]",7.787234814801372,True
Sorocaba + Belém + Natal,5.0,0.3333333333333333,2.815612934741272,4.454337824996168,"[0.333, 0.667, 0.833, 1.0, 1.0, 1.0, 1.0, 1.0, 1.0, 1.0, 1.0]",5.039653013447544,True
Belém + Goiânia + Natal,5.0,0.3333333333333333,2.9061412646740785,3.9613605166265784,"[0.333, 0.75, 1.0, 1.0, 1.0, 1.0, 1.0, 1.0, 1.0, 1.0, 1.0]",6.3354082354862715,True
Sorocaba + Recife + Goiânia,5.0,0.3333333333333333,4.985166600717665,4.773941772900946,"[0.333, 0.583, 0.833, 1.0, 1.0, 1.0, 1.0, 1.0, 1.0, 1.0, 1.0]",6.62032920167686,True
Sorocaba + Goiânia + Teresina,5.0,0.4166666666666667,3.587320116507657,4.992833079276152,"[0.417, 0.75, 1.0, 1.0, 1.0, 1.0, 1.0, 1.0, 1.0, 1.0, 1.0]",5.491534036259369,True
Ribeirão Preto + Goiânia + Aracaju,5.0,0.75,3.2435572466382823,5.582612449687818,"[0.75, 0.75, 1.0, 1.0, 1.0, 1.0, 1.0, 1.0, 1.0, 1.0, 1.0]",4.967061684481788,True
Belém + Salvador + Porto Alegre,7.5,0.0,0.5529217733831093,3.879507355506479,"[0.0, 0.0, 0.417, 1.0, 1.0, 1.0, 1.0, 1.0, 1.0, 1.0, 1.0]",9.170099631599006,True
Sorocaba + Salvador + Porto Alegre,7.5,0.0,0.577448056417033,4.307799808467975,"[0.0, 0.0, 0.583, 1.0, 1.0, 1.0, 1.0, 1.0, 1.0, 1.0, 1.0]",8.117525361595558,True
Brasília + Salvador + Porto Alegre,7.5,0.0,0.5853691364083882,3.656329156284082,"[0.0, 0.0, 0.667, 1.0, 1.0, 1.0, 1.0, 1.0, 1.0, 1.0, 1.0]",11.917681432952834,True
Salvador + Manaus + Porto Alegre,7.5,0.0,0.7768607496741883,4.026608214242786,"[0.0, 0.0, 0.083, 1.0, 1.0, 1.0, 1.0, 1.0, 1.0, 1.0, 1.0]",10.54933488194835,True
Goiânia + Salvador + Porto Alegre,7.5,0.0,0.7866644138805492,3.9457785780392767,"[0.0, 0.0, 0.5, 1.0, 1.0, 1.0, 1.0, 1.0, 1.0, 1.0, 1.0]",9.413280583634284,True
Manaus + Porto Alegre + Teresina,7.5,0.0,0.8514324582915936,4.332299947971265,"[0.0, 0.0, 0.667, 1.0, 1.0, 1.0, 1.0, 1.0, 1.0, 1.0, 1.0]",7.732791318077056,True
Ribeirão Preto + Salvador + Porto Alegre,7.5,0.0,0.8770523652226759,4.33175951986904,"[0.0, 0.0, 0.583, 1.0, 1.0, 1.0, 1.0, 1.0, 1.0, 1.0, 1.0]",8.07215578099196,True
Sorocaba + Salvador + Manaus,7.5,0.0,1.0748105435618744,3.4557247098698665,"[0.0, 0.0, 0.583, 1.0, 1.0, 1.0, 1.0, 1.0, 1.0, 1.0, 1.0]",9.44413189844473,True
Ribeirão Preto + Salvador + Manaus,7.5,0.0,1.1652661302651874,3.8533071628200846,"[0.0, 0.0, 0.417, 1.0, 1.0, 1.0, 1.0, 1.0, 1.0, 1.0, 1.0]",9.398762317841133,True
Ribeirão Preto + São Luís + Manaus,7.5,0.0,1.4149609906870273,4.5250429627297315,"[0.0, 0.167, 0.5, 0.833, 0.917, 1.0, 1.0, 1.0, 1.0, 1.0, 1.0]",6.892546685298441,True
Goiânia + Salvador + Manaus,7.5,0.0,1.4265999460203698,3.6045889760090586,"[0.0, 0.0, 0.667, 1.0, 1.0, 1.0, 1.0, 1.0, 1.0, 1.0, 1.0]",10.73988712048346,True
Belém + Curitiba + Salvador,7.5,0.0,1.4344439060166503,3.6747866054400227,"[0.0, 0.083, 0.667, 1.0, 1.0, 1.0, 1.0, 1.0, 1.0, 1.0, 1.0]",9.970419033446456,True
Curitiba + Salvador + Manaus,7.5,0.0,1.6651178118635126,3.8190415802376623,"[0.0, 0.167, 0.417, 0.833, 1.0, 1.0, 1.0, 1.0, 1.0, 1.0, 1.0]",11.3496542837958,True
Ribeirão Preto + Manaus + Teresina,7.5,0.0,1.6672283838200235,4.9360669541934,"[0.0, 0.167, 0.417, 0.917, 1.0, 1.0, 1.0, 1.0, 1.0, 1.0, 1.0]",6.582218753969839,True
Ribeirão Preto + Manaus + Aracaju,7.5,0.0,1.7588374626709369,4.894455079085022,"[0.0, 0.167, 0.667, 1.0, 1.0, 1.0, 1.0, 1.0, 1.0, 1.0, 1.0]",6.103115982795855,True
Brasília + Belém + Porto Alegre,7.5,0.0,1.7625623734853886,4.250012813310444,"[0.0, 0.167, 0.583, 1.0, 1.0, 1.0, 1.0, 1.0, 1.0, 1.0, 1.0]",9.894198138032412,True
Goiânia + Manaus + Teresina,7.5,0.0,2.0132640280760374,4.310728629595237,"[0.0, 0.083, 0.75, 1.0, 1.0, 1.0, 1.0, 1.0, 1.0, 1.0, 1.0]",7.923343556612163,True
Curitiba + Manaus + Teresina,7.5,0.0,2.128416451061636,4.2530908652721395,"[0.0, 0.167, 0.25, 0.833, 1.0, 1.0, 1.0, 1.0, 1.0, 1.0, 1.0]",8.533110719924505,True
Ribeirão Preto + Curitiba + Natal,7.5,0.0,2.2031918326459983,3.9292853057236004,"[0.0, 0.333, 0.667, 1.0, 1.0, 1.0, 1.0, 1.0, 1.0, 1.0, 1.0]",5.847231548191568,True
Ribeirão Preto + Curitiba + Manaus,7.5,0.0,2.523753280122878,4.3417754516366065,"[0.0, 0.25, 0.417, 0.833, 1.0, 1.0, 1.0, 1.0, 1.0, 1.0, 1.0]",8.228227138268334,True
Ribeirão Preto + Goiânia + Manaus,7.5,0.0,2.7610848865662523,4.601467679728829,"[0.0, 0.083, 0.667, 1.0, 1.0, 1.0, 1.0, 1.0, 1.0, 1.0, 1.0]",7.618459974955992,True
Ribeirão Preto + Curitiba + Salvador,7.5,0.08333333333333333,1.6536394816828164,3.779649537405807,"[0.083, 0.167, 0.75, 1.0, 1.0, 1.0, 1.0, 1.0, 1.0, 1.0, 1.0]",8.872475182839409,True
Ribeirão Preto + Natal + Manaus,7.5,0.08333333333333333,1.8098764866155408,4.601927059251316,"[0.083, 0.417, 0.667, 1.0, 1.0, 1.0, 1.0, 1.0, 1.0, 1.0, 1.0]",6.373518683193293,True
Ribeirão Preto + Curitiba + São Luís,7.5,0.08333333333333333,1.973856243082114,4.015066690804618,"[0.083, 0.333, 0.667, 0.917, 1.0, 1.0, 1.0, 1.0, 1.0, 1.0, 1.0]",6.366259550296717,True
Curitiba + Manaus + Aracaju,7.5,0.08333333333333333,2.1960197545502647,3.9757231255598033,"[0.083, 0.25, 0.5, 0.917, 1.0, 1.0, 1.0, 1.0, 1.0, 1.0, 1.0]",8.054007948750522,True
Ribeirão Preto + Curitiba + Teresina,7.5,0.16666666666666666,2.3690972685621188,4.196323355530063,"[0.167, 0.333, 0.75, 0.917, 1.0, 1.0, 1.0, 1.0, 1.0, 1.0, 1.0]",6.055931618968114,True
Ribeirão Preto + Curitiba + Aracaju,7.5,0.16666666666666666,2.457899416462516,4.341487498956792,"[0.167, 0.333, 0.75, 0.917, 1.0, 1.0, 1.0, 1.0, 1.0, 1.0, 1.0]",5.576828847794131,True
Sorocaba + Recife + Porto Alegre,7.5,0.25,2.7583611118099527,5.048542862779533,"[0.25, 0.417, 0.667, 1.0, 1.0, 1.0, 1.0, 1.0, 1.0, 1.0, 1.0]",6.429776963141753,True
Sorocaba + Belém + Recife,7.5,0.25,3.7923877895347347,4.41179102133064,"[0.25, 0.583, 0.75, 1.0, 1.0, 1.0, 1.0, 1.0, 1.0, 1.0, 1.0]",6.37714824964158,True
Curitiba + São Luís + Manaus,10.0,0.08333333333333333,1.900025885748621,4.098752457264625,"[0.083, 0.25, 0.5, 0.75, 1.0, 1.0, 1.0, 1.0, 1.0, 1.0, 1.0]",8.843438651253107,True
